{"loss_train": 3.819270380656235, "loss_retrain": 0, "loss": 1.8341093017578125, "acc": 0.313, "_timestamp": 1714226494.1392226, "_runtime": 236.66196870803833, "_step": 3}