{"acc": 0.1619, "loss": 3.3451408966064453, "_timestamp": 1714031932.6916025, "_runtime": 275.4596154689789, "_step": 2, "_wandb": {"runtime": 274}}