{"loss_train": 0.059538074070587754, "loss_retrain": 0, "loss": 1.3189800476074218, "acc": 0.7596, "_timestamp": 1714234993.3794158, "_runtime": 7353.044185638428, "_step": 149, "_wandb": {"runtime": 7351}}