{"loss_train": 0.08701478971488541, "loss_retrain": 0, "loss": 2.646696244812012, "acc": 0.1761, "_timestamp": 1714291851.6112077, "_runtime": 5800.7343916893005, "_step": 149, "_wandb": {"runtime": 5798}}