{"loss_train": 5.2987282276153564, "loss_retrain": 0, "loss": 1.3443058631896974, "acc": 0.5184, "_timestamp": 1714227318.6539805, "_runtime": 394.66860151290894, "_step": 7}