{"loss_train": 2.592677927808836, "loss_retrain": 0, "loss": 1.0597381446838379, "acc": 0.6669, "_timestamp": 1714292976.2601488, "_runtime": 7020.752254724503, "_step": 149, "_wandb": {"runtime": 7019}}