{"loss_train": 0.14816240017535165, "loss_retrain": 0, "loss": 0.434382896900177, "acc": 0.9004, "_timestamp": 1714241277.1152344, "_runtime": 3523.69167137146, "_step": 149, "_wandb": {"runtime": 3522}}