{"loss_train": 0.15017806447212934, "loss_retrain": 0, "loss": 0.3570961629867554, "acc": 0.8953, "_timestamp": 1714235637.2394798, "_runtime": 7912.563850879669, "_step": 149, "_wandb": {"runtime": 7910}}