{"acc": 0.2395, "loss": 2.5684528900146484, "_timestamp": 1713275973.7559536, "_runtime": 12886.368300437927, "_step": 133, "_wandb": {"runtime": 12912}}