{"loss_train": 0.13457341224420816, "loss_retrain": 0, "loss": 0.48530831699371335, "acc": 0.8707, "_timestamp": 1714242134.0931885, "_runtime": 3610.9251046180725, "_step": 149, "_wandb": {"runtime": 3609}}