{"loss_train": 4.5654834781744285, "loss_retrain": 0, "loss": 2.4570331512451173, "acc": 0.2131, "_timestamp": 1714227319.8713923, "_runtime": 283.3099431991577, "_step": 4}