{"loss_train": 0.17879447402083315, "loss_retrain": 0, "loss": 1.0187446308135986, "acc": 0.7526, "_timestamp": 1714292039.7591321, "_runtime": 6074.798502206802, "_step": 149, "_wandb": {"runtime": 6073}}