{"loss_train": 0.04070121992845088, "loss_retrain": 0, "loss": 0.42300676441192625, "acc": 0.9084, "_timestamp": 1714298249.4737897, "_runtime": 6178.381572723389, "_step": 149, "_wandb": {"runtime": 6177}}