{"loss_train": 0.1287909111197223, "loss_retrain": 0, "loss": 8.789860302734375, "acc": 0.1, "_timestamp": 1714292912.8506403, "_runtime": 6861.959985256195, "_step": 149, "_wandb": {"runtime": 6860}}