{"loss_train": 2.4036797881126404, "loss_retrain": 0, "loss": 2.349172738647461, "acc": 0.1, "_timestamp": 1714658905.687364, "_runtime": 84.34631109237671, "_step": 1}