{"loss_train": 0.1157061424019048, "loss_retrain": 0, "loss": 2.659858477783203, "acc": 0.2884, "_timestamp": 1714663706.5031824, "_runtime": 4885.162129402161, "_step": 107}