{"loss_train": 0.4150996671523899, "loss_retrain": 0, "loss": 1.8851221160888672, "acc": 0.3388, "_timestamp": 1714661241.9426527, "_runtime": 2420.6015996932983, "_step": 58}