{"loss_train": 0.21625115429924335, "loss_retrain": 0, "loss": 2.046478286743164, "acc": 0.3982, "_timestamp": 1714662282.5132096, "_runtime": 3461.172156572342, "_step": 76}