{"loss_train": 1.259547689332976, "loss_retrain": 0, "loss": 2.147860217285156, "acc": 0.2968, "_timestamp": 1714660983.130098, "_runtime": 2161.7890450954437, "_step": 52}