{"loss_train": 0.08147211326286197, "loss_retrain": 0, "loss": 2.535720347595215, "acc": 0.2244, "_timestamp": 1714238855.5279946, "_runtime": 3846.158769607544, "_step": 149, "_wandb": {"runtime": 3844}}