{"loss_train": 0.01792431929061422, "loss_retrain": 0, "loss": 3.7768192443847655, "acc": 0.313, "_timestamp": 1714235467.6248453, "_runtime": 7604.18874335289, "_step": 149, "_wandb": {"runtime": 7603}}