{"loss_train": 0.9447435457259417, "loss_retrain": 0, "loss": 2.385440089416504, "acc": 0.1, "_timestamp": 1714657246.4892457, "_runtime": 1609.5573377609253, "_step": 1}