{"loss_train": 3.8387839783754316, "loss_retrain": 0, "loss": 2.349988687133789, "acc": 0.1, "_timestamp": 1714226859.6985683, "_runtime": 62.63685441017151, "_step": 0}