{"loss_train": 0.5142001090571284, "loss_retrain": 0, "loss": 0.41213788738250734, "acc": 0.8959, "_timestamp": 1714239144.8224902, "_runtime": 3732.676259279251, "_step": 149, "_wandb": {"runtime": 3731}}