{"acc": 0.1561, "loss": 3.1716880401611327, "_timestamp": 1714031394.024939, "_runtime": 186.01509809494019, "_step": 1, "_wandb": {"runtime": 256}}