{"acc": 0.2759, "loss": 3.4146195709228517, "_timestamp": 1714030586.4701343, "_runtime": 827.3443641662598, "_step": 6, "_wandb": {"runtime": 833}}