{"loss_train": 5.788976952433586, "loss_retrain": 0, "loss": 1.9181371673583985, "acc": 0.2654, "_timestamp": 1714225659.4135063, "_runtime": 393.791775226593, "_step": 5}