{"loss_train": 0.08156902782502584, "loss_retrain": 0, "loss": 0.4815942918777466, "acc": 0.8538, "_timestamp": 1714238511.2717927, "_runtime": 3623.3334176540375, "_step": 149, "_wandb": {"runtime": 3622}}