{"acc": 0.5085, "loss": 1.3112693771362305, "_timestamp": 1713197653.3315291, "_runtime": 12177.151312112808, "_step": 121, "_wandb": {"runtime": 12248}}