{"loss_train": 1.6749117040308192, "loss_retrain": 0, "loss": 0.34937401847839356, "acc": 0.907, "_timestamp": 1714292801.3624487, "_runtime": 6846.108060598373, "_step": 149, "_wandb": {"runtime": 6839}}