participant_id	split	sex	age	diagnosis	tiv	csfv	gmv	wmv	magnetic_field_strength	acquisition_setting	site
199079306360	train	male	10.53	control	1614.58117757262	206.257400884204	854.5899353107809	552.840649267892	3.0	1.0	53
446116942428	train	male	13.63	control	1556.76114400314	219.152767254877	793.4841606828039	543.342388591397	3.0	1.0	53
461789283926	train	male	12.66	control	1648.9062	325.85511372549	777.207890196078	544.1809058823529	3.0	1.0	53
480081003183	train	male	11.66	control	1545.9298117647102	233.01668627451	820.852235294118	491.664807843137	3.0	1.0	53
676756169324	train	male	13.12	control	1488.63424387168	312.439949415434	687.800790658988	487.47785285018097	3.0	1.0	53
680302874420	train	male	13.36	control	1570.62231489693	292.267701265014	773.7434283746651	504.198346053629	3.0	1.0	53
798868156113	train	male	11.9	control	1452.20426280807	257.677020692705	717.8667357922681	476.450427903631	3.0	1.0	53
856532049659	train	male	9.79	control	1796.58469803922	222.904776470588	986.262878431373	586.9267647058821	3.0	1.0	53
