participant_id	split	sex	age	diagnosis	tiv	csfv	gmv	wmv	magnetic_field_strength	acquisition_setting	site
207254625725	train	male	21.0	control	1544.78555067688	254.12654338446603	722.645382749341	567.137750025654	3.0	1.0	60
251152153076	train	male	27.0	control	1665.25353577102	348.00216603482903	739.829853805646	576.212982592593	3.0	1.0	60
366954944274	train	female	23.0	control	1418.96306082487	185.987626627722	686.520184907676	545.340268972781	3.0	1.0	60
375939080828	train	female	27.0	control	1372.79009179254	248.301300080867	628.0195288080461	495.898639360513	3.0	1.0	60
497610867892	train	female	23.0	control	1459.2349441123802	218.891112792882	674.429372324671	565.4156276601519	3.0	1.0	60
668780942457	train	female	29.0	control	1292.69828278629	210.781409832095	597.743637012928	483.75427515299697	3.0	1.0	60
717749803047	train	male	23.0	control	1652.92291902295	287.349158296553	765.1067816112869	599.732316376371	3.0	1.0	60
823314386412	train	female	23.0	control	1473.44157406338	240.07896004111305	709.6250441687171	523.290989433596	3.0	1.0	60
838089558550	train	male	35.0	control	1521.01162914046	277.16905231611696	694.9257581092199	548.224254054893	3.0	1.0	60
