participant_id	split	sex	age	diagnosis	tiv	csfv	gmv	wmv	magnetic_field_strength	acquisition_setting	site
117262576182	train	male	9.7	control	1458.14719215686	178.69608627451	790.911521568627	487.61310588235295	3.0	1.0	33
143693932248	train	female	14.2	control	1178.08850588235	139.269619607843	614.739866666667	423.207729411765	3.0	1.0	33
183797804453	train	female	9.1	control	1286.59011372549	153.01437254902	705.147670588235	427.7144627450981	3.0	1.0	33
211700292441	train	male	8.0	control	1329.32499607843	175.335439215686	724.753760784314	428.421207843137	3.0	1.0	33
456312815950	train	male	8.3	control	1174.6837372549	133.252192156863	649.805345098039	391.103309803922	3.0	1.0	33
461078040898	train	male	10.1	control	1342.48747843137	175.719784313725	732.4112627450979	433.401647058824	3.0	1.0	33
828187678695	train	male	8.1	control	1613.5567725490198	217.322501960784	841.360011764706	552.594615686275	3.0	1.0	33
