{"loss_train": 0.28452270082198083, "loss_retrain": 0, "loss": 1.4386415855407715, "acc": 0.5844, "_timestamp": 1714237739.0785706, "_runtime": 3672.328254699707, "_step": 149, "_wandb": {"runtime": 3671}}