{"loss_train": 2.20319701731205, "loss_retrain": 0, "loss": 2.417022747802734, "acc": 0.1, "_timestamp": 1714652659.0716226, "_runtime": 102.78580164909363, "_step": 1}