{"loss_train": 0.25054465341963805, "loss_retrain": 0, "loss": 0.3901747661590576, "acc": 0.8889, "_timestamp": 1714292576.2053223, "_runtime": 6620.120001316071, "_step": 149, "_wandb": {"runtime": 6619}}