{"loss_train": 3.7826447933912277, "loss_retrain": 0, "loss": 2.3231416076660154, "acc": 0.1, "_timestamp": 1714227290.9822545, "_runtime": 248.1493616104126, "_step": 3}