{"loss_train": 0.14397021918557584, "loss_retrain": 0, "loss": 1.903081201171875, "acc": 0.5081, "_timestamp": 1714292111.2941635, "_runtime": 6137.456726551056, "_step": 149, "_wandb": {"runtime": 6135}}