{"loss_train": 2.3772815939446446, "loss_retrain": 0, "loss": 0.5998850950241089, "acc": 0.8264, "_timestamp": 1714293418.427613, "_runtime": 7281.882491111755, "_step": 149, "_wandb": {"runtime": 7280}}