{"loss_train": 1.1114403380488511, "loss_retrain": 0, "loss": 3.191500326538086, "acc": 0.2862, "_timestamp": 1714654331.293925, "_runtime": 1333.3422629833221, "_step": 31}