{"loss_train": 0.08523111286285712, "loss_retrain": 0, "loss": 2.8613645584106444, "acc": 0.3047, "_timestamp": 1714235831.0688722, "_runtime": 7888.190061330795, "_step": 149, "_wandb": {"runtime": 7887}}