{"loss_train": 5.442992448350196, "loss_retrain": 0, "loss": 2.3035550354003904, "acc": 0.164, "_timestamp": 1714227284.6351888, "_runtime": 331.6357967853546, "_step": 5}