{"loss_train": 1.3224676488898695, "loss_retrain": 0, "loss": 0.9838489433288574, "acc": 0.7095, "_timestamp": 1714242416.4730315, "_runtime": 3635.9083054065704, "_step": 149, "_wandb": {"runtime": 3634}}