{"loss_train": 6.486991063226014, "loss_retrain": 0, "loss": 2.1208781982421874, "acc": 0.1882, "_timestamp": 1714227267.6684332, "_runtime": 203.12592315673828, "_step": 2}