{"loss_train": 0.22492174210492522, "loss_retrain": 0, "loss": 0.41154359188079837, "acc": 0.8799, "_timestamp": 1714234047.5665636, "_runtime": 6125.39189863205, "_step": 149, "_wandb": {"runtime": 6124}}