{"acc": 0.2979, "loss": 2.1684808349609375, "_timestamp": 1714029482.0887692, "_runtime": 1887.4965550899506, "_step": 4, "_wandb": {"runtime": 1889}}