{"loss_train": 0.03619047760730609, "loss_retrain": 0, "loss": 2.9567738235473633, "acc": 0.1461, "_timestamp": 1714238924.0448747, "_runtime": 3790.0527086257935, "_step": 149, "_wandb": {"runtime": 3789}}