{"loss_train": 0.8118582338011038, "loss_retrain": 0, "loss": 2.1117923904418947, "acc": 0.3062, "_timestamp": 1714658750.157642, "_runtime": 4258.149568796158, "_step": 104}