{"loss_train": 0.7408856488764286, "loss_retrain": 0, "loss": 2.671795439147949, "acc": 0.0996, "_timestamp": 1714652959.1940472, "_runtime": 236.43151426315308, "_step": 4}