{"loss_train": 3.4582433662726544, "loss_retrain": 0, "loss": 2.3662345001220704, "acc": 0.1, "_timestamp": 1714226868.3034127, "_runtime": 57.82582068443298, "_step": 0}