{"loss_train": 0.06276279881421942, "loss_retrain": 0, "loss": 0.4466074522018433, "acc": 0.89, "_timestamp": 1714234870.538643, "_runtime": 7224.554248809814, "_step": 149, "_wandb": {"runtime": 7223}}