{"loss_train": 2.6600142309907824, "loss_retrain": 0, "loss": 0.44819003829956056, "acc": 0.8848, "_timestamp": 1714234931.650884, "_runtime": 7303.609416007996, "_step": 149, "_wandb": {"runtime": 7302}}