{"loss_train": 0.016928545715927612, "loss_retrain": 0, "loss": 2.1156123092651367, "acc": 0.5571, "_timestamp": 1714235395.1593297, "_runtime": 7769.6758687496185, "_step": 149, "_wandb": {"runtime": 7768}}