{"loss_train": 4.895896511879982, "loss_retrain": 0, "loss": 1.7950969924926758, "acc": 0.3929, "_timestamp": 1714226781.3009725, "_runtime": 226.97813653945923, "_step": 3}