{"loss_train": 8.56142520904541, "loss_retrain": 0, "loss": 1.5788018539428712, "acc": 0.4605, "_timestamp": 1714227288.577367, "_runtime": 347.65250515937805, "_step": 5}