{"acc": 0.2466, "loss": 2.188671221923828, "_timestamp": 1713262481.3189807, "_runtime": 13828.207553625107, "_step": 149, "_wandb": {"runtime": 13827}}