{"loss_train": 0.11547694494947791, "loss_retrain": 0, "loss": 2.0549637115478516, "acc": 0.3282, "_timestamp": 1714238765.421857, "_runtime": 3819.807911157608, "_step": 149, "_wandb": {"runtime": 3818}}