{"loss_train": 1.051175377022446, "loss_retrain": 0, "loss": 2.294612580871582, "acc": 0.2932, "_timestamp": 1714235119.0637004, "_runtime": 7488.321724414825, "_step": 149, "_wandb": {"runtime": 7487}}